CompanyNumber,CompanyName,bcb_sector,gdelt_query,article_count,avg_tone,avg_positive_score,avg_negative_score,tone_std,pct_negative,pct_positive
03343304,MAPP DEVELOPMENTS LIMITED,,"""mapp developments"" UK",0,,,,,,
00530614,F.I. BLISS LIMITED,,"""fi bliss"" UK",0,,,,,,
01171023,P. COATES (FARMERS) LIMITED,,"""p coates farmers"" UK",0,,,,,,
10839527,PTC FARMING LIMITED,,"""ptc farming"" UK",0,,,,,,
03738248,CLAIRE AUSTIN HARDY PLANTS LIMITED,,"""claire austin hardy plants"" UK",0,,,,,,
09971725,OLDBURY FARM (GREAT WAKERING) LTD,,"""oldbury farm great wakering"" UK",0,,,,,,
10723386,IRCHESTER LAKES LIMITED,,"""irchester lakes"" UK",0,,,,,,
16868291,KENHARVEST GLOBAL LTD,,"""kenharvest global"" UK",0,,,,,,
14226821,JULIET TANGO LTD,,"""juliet tango"" UK",0,,,,,,
SC512313,RDS FORESTRY LIMITED,,"""rds forestry"" UK",0,,,,,,
02128381,GANNOLEX FARMING LIMITED,,"""gannolex farming"" UK",0,,,,,,
13552762,ADAM ROLLS TREE SERVICES LTD,,"""adam rolls tree services"" UK",0,,,,,,
05226427,STILEGATE STUD LIMITED,,"""stilegate stud"" UK",0,,,,,,
05188264,R REALISATIONS LIMITED,,"""r realisations"" UK",0,,,,,,
11757099,CUSTOM TREE CARE LIMITED,,"""custom tree care"" UK",0,,,,,,
02956506,FER DE LIT LIMITED,,"""fer de lit"" UK",0,,,,,,
06821312,D N QUINN LIMITED,,"""d n quinn"" UK",0,,,,,,
16404512,ENGLEFIELD GREEN LIMITED,,"""englefield green"" UK",0,,,,,,
04472460,SPECIALIST TREE CARE LIMITED,,"""specialist tree care"" UK",0,,,,,,
01474497,IAN S. FERGUSON & SONS LIMITED,,"""ian s ferguson  sons"" UK",0,,,,,,
07785320,FRY FARMING LIMITED,,"""fry farming"" UK",0,,,,,,
07563773,IJ AGRICULTURAL FENCING SERVICES LTD,,"""ij agricultural fencing services"" UK",0,,,,,,
06457050,CLIFFE FARMS LIMITED,,"""cliffe farms"" UK",0,,,,,,
07190549,CERTAINLY TREES LIMITED,,"""certainly trees"" UK",0,,,,,,
12903017,LANGDON FISHING LIMITED,,"""langdon fishing"" UK",0,,,,,,
11802262,HAPPY DOGS LTD,,"""happy dogs"" UK",0,,,,,,
13387311,C&S CROSBIE LTD,,"""cs crosbie"" UK",0,,,,,,
SC361217,BLAVEN FISHING COMPANY LIMITED,,"""blaven fishing company"" UK",0,,,,,,
11784552,WILLIS PEST CONTROL LTD,,"""willis pest control"" UK",0,,,,,,
12456110,NLHC LTD,,"""nlhc"" UK",0,,,,,,
11822999,DARTINGTON MILL CIC,,"""dartington mill cic"" UK",0,,,,,,
16862807,DIXON DEER MANAGEMENT LTD,,"""dixon deer management"" UK",0,,,,,,
10740798,PORTHYWAEN FARM SUPPLIES LIMITED,,"""porthywaen farm supplies"" UK",0,,,,,,
SC437414,SUMMER ROSE FISHING COMPANY LTD,,"""summer rose fishing company"" UK",0,,,,,,
SC494097,A J THIRD LTD,,"""a j third"" UK",0,,,,,,
08868048,KINGSLAKE HOLIDAYS LIMITED,,"""kingslake holidays"" UK",0,,,,,,
00580768,S.ROBERTS & SONS LIMITED,,"""sroberts  sons"" UK",0,,,,,,
14681932,KINGS MONSTER CARP BAITS LTD,,"""kings monster carp baits"" UK",0,,,,,,
02825568,OTHNIEL SHELLFISH LIMITED,,"""othniel shellfish"" UK",0,,,,,,
SC033465,JAMES DICK (FARMING) LIMITED,,"""james dick farming"" UK",0,,,,,,
14318433,BUSINESS GLOBAL NETWORK LTD,,"""business global network"" UK",0,,,,,,
11309335,CRESSWELL BARN FARM LTD,,"""cresswell barn farm"" UK",0,,,,,,
11824392,MAPLESTEAD FARM LIMITED,,"""maplestead farm"" UK",0,,,,,,
16742263,LVT SERVICES LTD,,"""lvt services"" UK",0,,,,,,
14880763,EQUINE PODIATRY MANAGEMENT LTD,,"""equine podiatry management"" UK",0,,,,,,
11620619,A & M TURNEY LIMITED,,"""a  m turney"" UK",0,,,,,,
14619508,LUXM1 RECRUITMENT LIMITED,,"""luxm1 recruitment"" UK",0,,,,,,
06742023,C S SHERWIN LIMITED,,"""c s sherwin"" UK",0,,,,,,
10866714,SHAW AND SON'S AGRI LTD,,"""shaw and sons agri"" UK",0,,,,,,
09346446,NEW HORIZONS 24/7 PVT LTD,,"""new horizons 247 pvt"" UK",0,,,,,,
15253087,ALEDAM CONSULTING LTD,,"""aledam consulting"" UK",0,,,,,,
14784857,THOROUGHLY HUMAN LIMITED,,"""thoroughly human"" UK",0,,,,,,
15167904,LIVELIFE HEALTHCARE LIMITED,,"""livelife healthcare"" UK",0,,,,,,
12766944,SNEEKY PEEK 4D LTD,,"""sneeky peek 4d"" UK",0,,,,,,
SC614918,E&P ABERDEEN CONSULTING LTD,,"""ep aberdeen consulting"" UK",0,,,,,,
11770893,MT&AS LTD,,"""mtas"" UK",0,,,,,,
04051284,DIAMOND CARE (2000) LIMITED,,"""diamond care 2000"" UK",0,,,,,,
16038793,PRIMA HEALTHCARE (SUBCO) LIMITED,,"""prima healthcare subco"" UK",0,,,,,,
07297405,GOSAVI & PODDAR LTD,,"""gosavi  poddar"" UK",0,,,,,,
15551948,BRONSTEIN THERAPIES LTD,,"""bronstein therapies"" UK",0,,,,,,
10492378,PROTON INTERNATIONAL LONDON LIMITED,,"""proton international london"" UK",0,,,,,,
15693921,GREEN SPIRIT CIC,,"""green spirit cic"" UK",0,,,,,,
13612681,SWIFT SURGICAL LIMITED,,"""swift surgical"" UK",0,,,,,,
15078366,PLATINUM DIMZI MEDICARE LIMITED,,"""platinum dimzi medicare"" UK",0,,,,,,
13192413,FOR EVERYBODY LIMITED,,"""for everybody"" UK",0,,,,,,
08614689,WELLDOING LTD,,"""welldoing"" UK",0,,,,,,
08897035,QI ESSENCE LTD,,"""qi essence"" UK",0,,,,,,
16345590,ARAIYA CARE HOMES LTD,,"""araiya care homes"" UK",0,,,,,,
13945007,RUACH HEALTH CARE LTD,,"""ruach health care"" UK",0,,,,,,
08196643,RICKMANSWORTH MEDICAL LTD,,"""rickmansworth medical"" UK",0,,,,,,
11725055,RENDLESHAM DENTAL PRACTICE AND IMPLANT CENTRE LTD,,"""rendlesham dental practice and implant centre"" UK",0,,,,,,
12573755,UGLY LONDON LTD,,"""ugly london"" UK",0,,,,,,
14750870,COMFORTABLE DOCTORS LTD,,"""comfortable doctors"" UK",0,,,,,,
04729239,RIVERS OF HEALTH LIMITED,,"""rivers of health"" UK",0,,,,,,
06247419,FORENSIC PSYCHOLOGY SERVICES LTD,,"""forensic psychology services"" UK",0,,,,,,
12651713,UK VEIN CLINIC GROUP LIMITED,,"""uk vein clinic group"" UK",0,,,,,,
16389235,NAVY CARE LTD,,"""navy care"" UK",0,,,,,,
16756448,BRIGHTER PATH GROUP LTD,,"""brighter path group"" UK",0,,,,,,
15476583,PNASH LIMITED,,"""pnash"" UK",0,,,,,,
14337460,SACRED SOUNDS CIC,,"""sacred sounds cic"" UK",0,,,,,,
08342610,EVERYDAY HEALTHCARE LIMITED,,"""everyday healthcare"" UK",0,,,,,,
07781547,ALISHA (LONDON) LTD,,"""alisha london"" UK",0,,,,,,
16844173,HEEMS LTD,,"""heems"" UK",0,,,,,,
01619905,FARLEIGH HOSPICE,,"""farleigh hospice"" UK",0,,,,,,
06655152,AVERY HOMES CLIFTONVILLE LIMITED,,"""avery homes cliftonville"" UK",0,,,,,,
15450183,SIDHU SURGERY LTD,,"""sidhu surgery"" UK",0,,,,,,
16131782,EQUITA COMMUNITY LIVING - CAMLETT HOUSE LTD,,"""equita community living  camlett house"" UK",0,,,,,,
08448211,ING.PHARM LIMITED,,"""ingpharm"" UK",0,,,,,,
11475939,LJ PREGNANCY CO LTD,,"""lj pregnancy co"" UK",0,,,,,,
07912253,TRUE HOMECARE LIMITED,,"""true homecare"" UK",0,,,,,,
15233854,HEART OF THE HOME - CARE LIMITED,,"""heart of the home  care"" UK",0,,,,,,
17133269,THE ADHD NURSE SPECIALIST LTD,,"""the adhd nurse specialist"" UK",0,,,,,,
14575861,NOVAE CLINIC LTD,,"""novae clinic"" UK",0,,,,,,
10297409,DIADEM HOLDINGS LIMITED,,"""diadem holdings"" UK",0,,,,,,
13903975,OUTSIDECLINIC JVP 07 LTD,,"""outsideclinic jvp 07"" UK",0,,,,,,
13544009,TOTLEY RISE LIMITED,,"""totley rise"" UK",0,,,,,,
16019188,NINES CARE LTD,,"""nines care"" UK",0,,,,,,
05836846,CARE CENTRAL LTD,,"""care central"" UK",0,,,,,,
11137906,INYASHA AWESOME LIMITED,,"""inyasha awesome"" UK",0,,,,,,
03366419,OVINGTON BOATS LIMITED,,"""ovington boats"" UK",0,,,,,,
10705477,JBSTONE LTD,,"""jbstone"" UK",0,,,,,,
01707957,SUPERMARINE AIRCRAFT LIMITED,,"""supermarine aircraft"" UK",0,,,,,,
SC726692,DUNDEE COMMUNITY CRAFT CIC,,"""dundee community craft cic"" UK",0,,,,,,
10409145,THE PLAY COMPANY INTERNATIONAL LTD,,"""the play company international"" UK",0,,,,,,
14717851,HARD DRIVE LIMITED,,"""hard drive"" UK",0,,,,,,
04494723,FINE FINISH CONTRACTS LIMITED,,"""fine finish contracts"" UK",0,,,,,,
16174702,MIRACOL DRINKS LTD,,"""miracol drinks"" UK",0,,,,,,
10009105,IRVING SYKES INTERIORS LTD,,"""irving sykes interiors"" UK",0,,,,,,
14787982,ALPHA ENGINEERING HOLDINGS LTD,,"""alpha engineering holdings"" UK",0,,,,,,
07561052,CACTUS GRAPHICS LTD,,"""cactus graphics"" UK",0,,,,,,
SC561871,THE JUICING COMPANY LIMITED,,"""the juicing company"" UK",0,,,,,,
11387970,CGL BUILDING SERVICES LTD,,"""cgl building services"" UK",0,,,,,,
15052703,PARADE CONTROL SYSTEMS LTD,,"""parade control systems"" UK",0,,,,,,
09643717,INTER PAK SOLUTION LTD,,"""inter pak solution"" UK",0,,,,,,
01033308,HICKS (3) LIMITED,,"""hicks 3"" UK",0,,,,,,
09014347,FREEZ GLOBAL LTD.,,"""freez global"" UK",0,,,,,,
SC886177,YUM BAKERY LTD,,"""yum bakery"" UK",0,,,,,,
16890289,GREATNIKONOVA LTD,,"""greatnikonova"" UK",0,,,,,,
13336252,BLONDIES BAKES PB LTD,,"""blondies bakes pb"" UK",0,,,,,,
12545155,LENIENCE UK LTD,,"""lenience uk"" UK",0,,,,,,
11748888,NORTHERN CNC LTD,,"""northern cnc"" UK",0,,,,,,
03634212,SWIFTOOL PRECISION ENGINEERING LIMITED,,"""swiftool precision engineering"" UK",0,,,,,,
15950833,CUSTOW LIMITED,,"""custow"" UK",0,,,,,,
03428169,A.B.R. FABRICATIONS LIMITED,,"""abr fabrications"" UK",0,,,,,,
SC754983,THISTLECRETE LTD,,"""thistlecrete"" UK",0,,,,,,
15417581,SEA GLOW MARINE LTD,,"""sea glow marine"" UK",0,,,,,,
06752504,PRECISION FORGING TECHNOLOGIES LIMITED,,"""precision forging technologies"" UK",0,,,,,,
15793235,MARUTI AUTOWELD LTD,,"""maruti autoweld"" UK",0,,,,,,
10993416,BOX UPHOLSTERY LTD,,"""box upholstery"" UK",0,,,,,,
07537646,I & N FASHIONS LIMITED,,"""i  n fashions"" UK",0,,,,,,
07255072,UM PRODUCTS LTD,,"""um products"" UK",0,,,,,,
11769911,MORRIS LINE ENGINEERING LIMITED,,"""morris line engineering"" UK",0,,,,,,
15601417,SPI UK SERVICES LIMITED,,"""spi uk services"" UK",0,,,,,,
15005025,JK PATISSERIE LTD,,"""jk patisserie"" UK",0,,,,,,
04616184,THE HEVENINGHAM COLLECTION LIMITED,,"""the heveningham collection"" UK",0,,,,,,
16642503,BRITON STEEL FORMING LTD,,"""briton steel forming"" UK",0,,,,,,
09999109,CATERPROMPT LTD,,"""caterprompt"" UK",0,,,,,,
12740823,DEADLY CUSTOMS LTD,,"""deadly customs"" UK",0,,,,,,
SC845558,ATA INDUSTRIAL EQUIPMENT LTD,,"""ata industrial equipment"" UK",0,,,,,,
07840066,SERVICE 2000 GAS SERVICE AND MAINTENANCE LIMITED,,"""service 2000 gas service and maintenance"" UK",0,,,,,,
14291421,GKME SIGN SERVICES LIMITED,,"""gkme sign services"" UK",0,,,,,,
06533279,BTL TIMBER AND HARDWARE LIMITED,,"""btl timber and hardware"" UK",0,,,,,,
12618711,GRIFFYN ROBOTECH LIMITED,,"""griffyn robotech"" UK",0,,,,,,
16393054,BEN BROBBEY LIMITED,,"""ben brobbey"" UK",0,,,,,,
16565897,ALINA ISPAS LIMITED,,"""alina ispas"" UK",0,,,,,,
15754989,FUCHS WOOD LTD,,"""fuchs wood"" UK",0,,,,,,
12949039,SHELL ON EARTH LIMITED,,"""shell on earth"" UK",0,,,,,,
01290472,T. HALLIDAY ENGINEERING LIMITED,,"""t halliday engineering"" UK",0,,,,,,
15878850,A PIE IN THE SKY CYFYNGEDIG,,"""a pie in the sky cyfyngedig"" UK",0,,,,,,
10047646,ANDERVAL LIMITED,,"""anderval"" UK",0,,,,,,
16762869,LEAP AND LEARN SPORTS LTD,,"""leap and learn sports"" UK",0,,,,,,
10209164,LANGUAGE MAGNET LIMITED,,"""language magnet"" UK",0,,,,,,
17041229,LOCUMEDGE LTD,,"""locumedge"" UK",0,,,,,,
16706561,WILLOW MANAGEMENT TRAINING LTD,,"""willow management training"" UK",0,,,,,,
15783894,JMCM INVESTMENTS 1 LIMITED,,"""jmcm investments 1"" UK",0,,,,,,
16263886,FOX WBC LTD,,"""fox wbc"" UK",0,,,,,,
05503977,SPINNAKER TRUST LIMITED,,"""spinnaker trust"" UK",0,,,,,,
09505500,ROBERTS-REANEY LTD,,"""robertsreaney"" UK",0,,,,,,
08002966,FOOTPRINTS AT BOLLINGTON LTD,,"""footprints at bollington"" UK",0,,,,,,
10086358,ENS HUMANITAS SOCIAL ENTERPRISES LTD,,"""ens humanitas social enterprises"" UK",0,,,,,,
11827609,SIMWES LTD,,"""simwes"" UK",0,,,,,,
16754782,OBIMII CIC,,"""obimii cic"" UK",0,,,,,,
12919588,PLAYBALL THAMES DITTON LTD,,"""playball thames ditton"" UK",0,,,,,,
17217212,ADHD BRISTOL COLLECTIVE CIC,,"""adhd bristol collective cic"" UK",0,,,,,,
09387238,RUBY FIRE PROTECTION LTD,,"""ruby fire protection"" UK",0,,,,,,
16505630,THE GROWTH MIND PROJECT CIC,,"""the growth mind project cic"" UK",0,,,,,,
17065311,HANNIBAL SAFEGUARDING CONSULTANCY LTD,,"""hannibal safeguarding consultancy"" UK",0,,,,,,
11805252,DIG DEEP EDUCATION LTD,,"""dig deep education"" UK",0,,,,,,
12300846,DIGITAL MARKETING SCHOOL LTD,,"""digital marketing school"" UK",0,,,,,,
12313466,OAQGROVE LTD,,"""oaqgrove"" UK",0,,,,,,
09812335,NORFOLK EXPEDITIONS CIC,,"""norfolk expeditions cic"" UK",0,,,,,,
13147995,GSTAR SERVICES LTD,,"""gstar services"" UK",0,,,,,,
11649196,MR J AND MRS R HILL LTD,,"""mr j and mrs r hill"" UK",0,,,,,,
07284965,DUCKPOOL PRE-SCHOOL CIC,,"""duckpool preschool cic"" UK",0,,,,,,
17154430,SURREY HOME TUTORS LTD,,"""surrey home tutors"" UK",0,,,,,,
12723495,N R PROJECTS CONSULTANTS LTD,,"""n r projects consultants"" UK",0,,,,,,
15994745,FIDO LANGUAGES LTD,,"""fido languages"" UK",0,,,,,,
07420104,388 STREATHAM HUB LTD,,"""388 streatham hub"" UK",0,,,,,,
05280195,SCIENCE AND MATHS LIMITED,,"""science and maths"" UK",0,,,,,,
16669844,PEAK SPORTS DISTRICT ACADEMY LTD,,"""peak sports district academy"" UK",0,,,,,,
11973691,BUG AND DOODLE LIMITED,,"""bug and doodle"" UK",0,,,,,,
16432365,EDUMATE GLOBAL LIMITED,,"""edumate global"" UK",0,,,,,,
11200244,EAST NORFOLK MULTI ACADEMY TRUST,,"""east norfolk multi academy trust"" UK",0,,,,,,
09978459,ALEXANDRA ACADEMY TRUST,,"""alexandra academy trust"" UK",0,,,,,,
07408457,P & H VENTURES LIMITED,,"""p  h ventures"" UK",0,,,,,,
03257274,THE GESTALT CENTRE,,"""the gestalt centre"" UK",0,,,,,,
07523884,THE LEARNING TRUST,,"""the learning trust"" UK",0,,,,,,
SC608554,RAEBURN TRAINING LIMITED,,"""raeburn training"" UK",0,,,,,,
16222447,UNPLUGGED COALITION CIC,,"""unplugged coalition cic"" UK",0,,,,,,
NI052050,KILLYLEAGH COMMUNITY SHOP LIMITED,,"""killyleagh community shop"" UK",0,,,,,,
13464246,MATWAD LTD,,"""matwad"" UK",0,,,,,,
15598927,JOOF LTD,,"""joof"" UK",0,,,,,,
14713455,LITTLE LIGHT BEARERS LTD,,"""little light bearers"" UK",0,,,,,,
08143489,THE JIGSAW CLUB LTD,,"""the jigsaw club"" UK",0,,,,,,
17012424,FINIZY LIMITED,,"""finizy"" UK",0,,,,,,
04042960,ABUNDANCE ARTS,,"""abundance arts"" UK",0,,,,,,
16843142,EXMOOR COMMUNITY CARE LTD,,"""exmoor community care"" UK",0,,,,,,
14252992,THE NANNY BARN LIMITED,,"""the nanny barn"" UK",0,,,,,,
13957134,RUISLIP STARS NURSERIES AT ST MARY'S LTD,,"""ruislip stars nurseries at st marys"" UK",0,,,,,,
14684767,WHYTE PROPERTIES INVESTMENT LTD,,"""whyte properties investment"" UK",0,,,,,,
12094171,RRF PROPERTIES LIMITED,,"""rrf properties"" UK",0,,,,,,
07745140,JOHN FOWLERS PROPERTY LIMITED,,"""john fowlers property"" UK",0,,,,,,
06798192,CLARK & DAVIDSON LTD,,"""clark  davidson"" UK",0,,,,,,
03265863,ONESPAN LIMITED,,"""onespan"" UK",0,,,,,,
SC384768,STRATHAVON LIMITED,,"""strathavon"" UK",0,,,,,,
14927808,NONNY INVESTMENT LTD,,"""nonny investment"" UK",0,,,,,,
07398485,ETATT LIMITED,,"""etatt"" UK",0,,,,,,
08667999,OUTRAM ENTERPRISES LTD,,"""outram enterprises"" UK",0,,,,,,
03658618,ST. ALBAN TOWER LTD,,"""st alban tower"" UK",0,,,,,,
12345453,IVOR HOUSE (ROBY) RTM CO LTD,,"""ivor house roby rtm co"" UK",0,,,,,,
12194693,LJ PROPERTIES & DEVELOPMENTS LIMITED,,"""lj properties  developments"" UK",0,,,,,,
14211584,MLA LEISURE 4 LTD,,"""mla leisure 4"" UK",0,,,,,,
10298863,PJHM LTD,,"""pjhm"" UK",0,,,,,,
10069921,MOATVIEW LIMITED,,"""moatview"" UK",0,,,,,,
17067208,THE VYAS-LEE PRACTICE PROPERTY LTD,,"""the vyaslee practice property"" UK",0,,,,,,
15228209,DORIC GREEN LIMITED,,"""doric green"" UK",0,,,,,,
16496448,JR DEVELOPMENTS (ROSSINGTON STREET) LTD,,"""jr developments rossington street"" UK",0,,,,,,
13151290,SHEDAMBI LETTINGS LTD,,"""shedambi lettings"" UK",0,,,,,,
14811840,ARCHER RESIDENTIAL LIMITED,,"""archer residential"" UK",0,,,,,,
NI670452,BEST LETS (N.I.) LTD,,"""best lets ni"" UK",0,,,,,,
16418511,GRANBYST LTD,,"""granbyst"" UK",0,,,,,,
13052303,RCWT PROPERTY LIMITED,,"""rcwt property"" UK",0,,,,,,
10235314,I&R TRADING LIMITED,,"""ir trading"" UK",0,,,,,,
17027113,MULBERRY FARM LTD,,"""mulberry farm"" UK",0,,,,,,
15602978,THE GOLDEN MOON HOUSE LIMITED,,"""the golden moon house"" UK",0,,,,,,
16176650,PATHMARAJ PROPERTIES LTD,,"""pathmaraj properties"" UK",0,,,,,,
13564905,UNITY ESTATE MANAGEMENT COMPANY LIMITED,,"""unity estate management company"" UK",0,,,,,,
05172712,BARNBURGH PROPERTIES LIMITED,,"""barnburgh properties"" UK",0,,,,,,
07803730,ORANGESWAN LIMITED,,"""orangeswan"" UK",0,,,,,,
11553329,ILEX HOUSE LTD,,"""ilex house"" UK",0,,,,,,
SC811691,SATALITE 3 LTD,,"""satalite 3"" UK",0,,,,,,
14057426,WRATHALL REAL ESTATE PARTNERS LIMITED,,"""wrathall real estate partners"" UK",0,,,,,,
14237895,IMJO PROPERTIES LTD,,"""imjo properties"" UK",0,,,,,,
16841972,SUPERTOV PROPERTIES LIMITED,,"""supertov properties"" UK",0,,,,,,
16435089,KRUVI PROPERTIES LTD,,"""kruvi properties"" UK",0,,,,,,
SC721019,COLVILLES PLACE LTD,,"""colvilles place"" UK",0,,,,,,
16987395,PRIMEGATE ESTATE AND MANAGEMENT LTD,,"""primegate estate and management"" UK",0,,,,,,
12130260,ARGON HEALTH LTD,,"""argon health"" UK",0,,,,,,
11068772,ROOST AT HOME LTD,,"""roost at home"" UK",0,,,,,,
00009117,ALBERT BOWLING CLUB LIMITED,,"""albert bowling club"" UK",0,,,,,,
00834446,GREENACRES MANAGEMENT COMPANY (BRISTOL) LIMITED,,"""greenacres management company bristol"" UK",0,,,,,,
05171912,TEMPLE MERIDIAN LIMITED,,"""temple meridian"" UK",0,,,,,,
08323296,BROGAN GULF LIMITED,,"""brogan gulf"" UK",0,,,,,,
15152023,NEOZA PROPERTIES LTD,,"""neoza properties"" UK",0,,,,,,
08392249,ANGLICAN LIVING LIMITED,,"""anglican living"" UK",0,,,,,,
17125749,Y&R HOMES LTD,,"""yr homes"" UK",0,,,,,,
01510438,ROMSEY LIMITED,,"""romsey"" UK",0,,,,,,
15738419,NORTHEAST PROPERTY DEVELOPERS LTD,,"""northeast property developers"" UK",0,,,,,,
13841497,GOLDEN LYNCROFT LTD,,"""golden lyncroft"" UK",0,,,,,,
05312384,J. DIXON ASSOCIATES LTD.,,"""j dixon associates"" UK",0,,,,,,
15134344,MARKET BOOST SOLUTIONS LTD,,"""market boost solutions"" UK",0,,,,,,
15905292,SIMPOUSER LTD,,"""simpouser"" UK",0,,,,,,
15499318,BOND LAND INVESTMENT MANAGEMENT LIMITED,,"""bond land investment management"" UK",0,,,,,,
06287468,LONDON DUNGEON LIMITED,,"""london dungeon"" UK",0,,,,,,
16960519,DMS PROPERTY CONSULTANCY LTD,,"""dms property consultancy"" UK",0,,,,,,
14290435,IDARA SOFT SOLUTIONS LTD,,"""idara soft solutions"" UK",0,,,,,,
07754708,EXPEDE CONSULTING LIMITED,,"""expede consulting"" UK",0,,,,,,
07357343,REACH STUDIOS LIMITED,,"""reach studios"" UK",0,,,,,,
13131079,DLAB DIGITAL LTD,,"""dlab digital"" UK",0,,,,,,
07032091,BLUE GRAIN PARTNERSHIP LIMITED,,"""blue grain partnership"" UK",0,,,,,,
03030086,SEVENTH HEAVEN PRODUCTIONS LIMITED,,"""seventh heaven productions"" UK",0,,,,,,
11033287,PREMIER DEVELOPMENT SOLUTIONS LTD,,"""premier development solutions"" UK",0,,,,,,
08995354,NUOYA LTD,,"""nuoya"" UK",0,,,,,,
NI633682,INSPIRE MANAGEMENT LTD,,"""inspire management"" UK",0,,,,,,
07289517,BARTON COURT CONSULTING LIMITED,,"""barton court consulting"" UK",0,,,,,,
13912521,MILA TEXTILES LTD,,"""mila textiles"" UK",0,,,,,,
06207960,JCI PROTEC LIMITED,,"""jci protec"" UK",0,,,,,,
07797088,DA ARCHITECTURAL SERVICES LIMITED,,"""da architectural services"" UK",0,,,,,,
09040837,WESTCOAST HUMAN RESOURCES LIMITED,,"""westcoast human resources"" UK",0,,,,,,
07846128,TRUE MEASURE LIMITED,,"""true measure"" UK",0,,,,,,
15147993,BANJO COMMUNICATIONS LTD,,"""banjo communications"" UK",0,,,,,,
16054214,NK ADVISERS LIMITED,,"""nk advisers"" UK",0,,,,,,
14541950,WORCESTER CONSULTANTS LIMITED,,"""worcester consultants"" UK",0,,,,,,
14333848,SOVANDE LTD,,"""sovande"" UK",0,,,,,,
12438001,PILEA HOLDING LIMITED,,"""pilea holding"" UK",0,,,,,,
15696590,AFFLUENCEX LIMITED,,"""affluencex"" UK",0,,,,,,
15690043,DEALER EXCHANGE LIMITED,,"""dealer exchange"" UK",0,,,,,,
17158650,INTELLIGENT FM LIMITED,,"""intelligent fm"" UK",0,,,,,,
09488090,BLACK COYOTE GROUP LTD,,"""black coyote group"" UK",0,,,,,,
14898920,THE GLOBAL WORD LTD,,"""the global word"" UK",0,,,,,,
14762525,SHURAH LTD,,"""shurah"" UK",0,,,,,,
11646955,FAITH FILM LTD,,"""faith film"" UK",0,,,,,,
07746563,SO ARCHITECTS (LONDON) LTD.,,"""so architects london"" UK",0,,,,,,
14142675,LUKE P FOSTER LTD,,"""luke p foster"" UK",0,,,,,,
13875267,ENTERPRISE FINANCIAL LIMITED,,"""enterprise financial"" UK",0,,,,,,
11396948,STA ACCOUNTING LTD,,"""sta accounting"" UK",0,,,,,,
17137976,TETHERA DIGITAL LIMITED,,"""tethera digital"" UK",0,,,,,,
09515595,BENTLEY PARK (UK) LIMITED,,"""bentley park uk"" UK",0,,,,,,
04610660,BENNETT MARINE ASSOCIATES LIMITED,,"""bennett marine associates"" UK",0,,,,,,
15656680,VELVADY LTD,,"""velvady"" UK",0,,,,,,
02912203,LEWIS WAY (DAGENHAM) MANAGEMENT COMPANY LIMITED,,"""lewis way dagenham management company"" UK",0,,,,,,
14959990,FEATHER KIDS PR LTD,,"""feather kids pr"" UK",0,,,,,,
15335779,CONSULT-AIR LTD,,"""consultair"" UK",0,,,,,,
04422966,ST. NEOTS HIRE COMPANY LIMITED,,"""st neots hire company"" UK",0,,,,,,
10982672,M MARSH ELECTRICAL C & I ENGINEERING LIMITED,,"""m marsh electrical c  i engineering"" UK",0,,,,,,
13002746,IDIL KUCUK LTD.,,"""idil kucuk"" UK",0,,,,,,
09541884,SPECKUL8 LTD,,"""speckul8"" UK",0,,,,,,
12587081,VR1 WORLDWIDE LTD,,"""vr1 worldwide"" UK",0,,,,,,
14515001,SATURN IS LIMITED,,"""saturn is"" UK",0,,,,,,
10608802,CARD GENIE LIMITED,,"""card genie"" UK",0,,,,,,
16013080,GLOBAL X KEYS LTD,,"""global x keys"" UK",0,,,,,,
16009453,KWIK CARS & KEYS LTD,,"""kwik cars  keys"" UK",0,,,,,,
13691821,HOUND DOG LTD,,"""hound dog"" UK",0,,,,,,
15806840,PET PARADISE 1 LTD,,"""pet paradise 1"" UK",0,,,,,,
16572486,BRISTLE BUDDY LTD,,"""bristle buddy"" UK",0,,,,,,
16677204,CONTINENTAL COACHWORKS LTD,,"""continental coachworks"" UK",0,,,,,,
13638042,JJ LUXURY AUTOS LTD,,"""jj luxury autos"" UK",0,,,,,,
17201757,FLEMISH POTATO LTD,,"""flemish potato"" UK",0,,,,,,
06737823,WELLAND SUPPLIES LTD.,,"""welland supplies"" UK",0,,,,,,
13277349,LECTUS CARS LTD,,"""lectus cars"" UK",0,,,,,,
15813828,PRAKASH & SONS LTD,,"""prakash  sons"" UK",0,,,,,,
13849663,HD INTERNATIONAL TRADING LIMITED,,"""hd international trading"" UK",0,,,,,,
14684491,ALI'S GARAGE LIMITED,,"""alis garage"" UK",0,,,,,,
15226303,THE AANABIA LIMITED,,"""the aanabia"" UK",0,,,,,,
16154338,TRUE SERVICES UK LTD,,"""true services uk"" UK",0,,,,,,
NI731254,DAJOW AFROMART LTD,,"""dajow afromart"" UK",0,,,,,,
16077273,SHERAYYA SERVICES LTD,,"""sherayya services"" UK",0,,,,,,
16429303,SHADE CLOTHING LTD,,"""shade clothing"" UK",0,,,,,,
15988158,GNH CLEARANCE LTD,,"""gnh clearance"" UK",0,,,,,,
15245120,R&G 21 BUSINESS GLOBAL COMPANY LIMITED,,"""rg 21 business global company"" UK",0,,,,,,
12394123,BRILLSOL LTD,,"""brillsol"" UK",0,,,,,,
15574098,TOKYO ELITE MOTORS LTD,,"""tokyo elite motors"" UK",0,,,,,,
12161693,CARTER AND FOLLOWS LTD,,"""carter and follows"" UK",0,,,,,,
14822063,FUTURE CONCEPTS HOUSEHOLD ARTICLES LIMITED,,"""future concepts household articles"" UK",0,,,,,,
16237931,TECHCHAZE LIMITED,,"""techchaze"" UK",0,,,,,,
08897635,CRD TECHNIK LTD,,"""crd technik"" UK",0,,,,,,
12980729,YY TRADING LTD,,"""yy trading"" UK",0,,,,,,
14409146,FBAAM LTD,,"""fbaam"" UK",0,,,,,,
10312101,IHSAN PHARMA LTD,,"""ihsan pharma"" UK",0,,,,,,
16752604,D H FRAGRANCE 2025 LTD,,"""d h fragrance 2025"" UK",0,,,,,,
16755540,VELTRIX TECH SOLUTIONS LTD,,"""veltrix tech solutions"" UK",0,,,,,,
12482419,ROCKET PROPERTY INVESTMENTS LTD,,"""rocket property investments"" UK",0,,,,,,
SC769871,KURDISTAN  TRADERS LTD,,"""kurdistan  traders"" UK",0,,,,,,
04535599,H AND K CHAN LIMITED,,"""h and k chan"" UK",0,,,,,,
01569968,STAG MOTORS (WINDSOR) LIMITED,,"""stag motors windsor"" UK",0,,,,,,
03269730,CELINE UK LIMITED,,"""celine uk"" UK",0,,,,,,
16877118,SOUTH YORKSHIRE AGGREGATES RECLAMATION LTD,,"""south yorkshire aggregates reclamation"" UK",0,,,,,,
11219606,ATLAS BAGGING EQUIPMENT LIMITED,,"""atlas bagging equipment"" UK",0,,,,,,
16528463,BADERA LTD,,"""badera"" UK",0,,,,,,
16248120,UG & AR HOLDING LTD,,"""ug  ar holding"" UK",0,,,,,,
16344818,SARACEN MOTORS LTD,,"""saracen motors"" UK",0,,,,,,
16555837,BRAND SECONDHAND LIMITED,,"""brand secondhand"" UK",0,,,,,,
15319103,UK WATAN BAKERY LTD,,"""uk watan bakery"" UK",0,,,,,,
16934948,TRADENEXUS DIGITAL LTD,,"""tradenexus digital"" UK",0,,,,,,
04593189,ALLIED OFFICE MACHINES LIMITED,,"""allied office machines"" UK",0,,,,,,
16783473,PENGUIN INTERIORS LTD,,"""penguin interiors"" UK",0,,,,,,
13804458,UPLYME STORES LTD,,"""uplyme stores"" UK",0,,,,,,
12633240,BRAT AUTOS & RECOVERY LIMITED,,"""brat autos  recovery"" UK",0,,,,,,
00782511,TRIMFAST LIMITED,,"""trimfast"" UK",0,,,,,,
